f1,f2,f3,actual,protected_attribute
0.3321630477034516,0.16913470738285574,0.21177216346631034,1,1
0.09000139104508986,0.12011063010138434,0.07130453418484539,0,0
0.9898230692048735,0.07405768336907359,0.13254208095141362,0,0
0.8272545955907364,0.5802402167429431,0.7744172045693324,1,1
0.630912007772655,0.882175070328948,0.6384675277647406,0,0
0.5221250929031509,0.7127496937612997,0.44739275179210947,1,1
0.3460638229047347,0.4676524524502125,0.16971410509856066,1,1
0.7965717298026914,0.26070378133594463,0.15353154633704746,0,1
0.2463522417832268,0.8420701517722398,0.33020129559773137,1,0
0.6860498695059002,0.8564096306557393,0.07774466692504212,1,0
0.7650244051780429,0.30766546637903003,0.21662236418404268,0,0
0.6889014524529722,0.9097966227332338,0.2950192087123954,1,1
0.568833805384319,0.28983411384949154,0.5542855857264279,0,0
0.6218620306543405,0.6103353887901798,0.6235463696427459,1,1
0.1350797922175241,0.6935404695867196,0.6747503563802233,1,0
0.6825881222168831,0.07407055273870633,0.4468388424141526,0,0
0.4090351320457297,0.08671148364319914,0.2223679278968107,1,0
0.44096263179803674,0.7429063098580823,0.2370620769846632,0,0
0.8297499101249115,0.5457982857394634,0.7604216851846175,1,0
0.4725559833368571,0.49919422542222336,0.6197193893796402,1,0
0.9279706081658242,0.49181258141290995,0.528657538108291,1,1
0.6019969635275295,0.7375151372977258,0.07185033548623432,1,1
0.5156874385219721,0.4815915892060435,0.9216849842375704,0,1
0.4935065804363411,0.468320534694331,0.962199988534702,1,0
0.45057646360088155,0.18088443032209034,0.21691612280578831,0,0
0.09518753833697413,0.0005681292589444498,0.43194566100048193,1,1
0.7692425812982214,0.7334664427998359,0.032149087802850196,0,1
0.5699829035940329,0.154283125413476,0.9410762847646973,1,1
0.16736499964417928,0.6266392176974815,0.32623836216405677,0,0
0.6415613259643522,0.41225859646407514,0.7596430523063947,1,0
0.23067912532785784,0.9057918529142601,0.5002096493133521,0,1
0.7560931477128529,0.8497301914012271,0.9988286109548049,1,1
0.22394566559395823,0.28689241356345485,0.25043308673188824,0,1
0.26287133215978264,0.5824447415393774,0.993522523145843,0,1
0.9902780870927544,0.5267732313623077,0.6390272102646738,0,0
0.859970543701606,0.9329334584535052,0.2038606273295439,0,1
0.5285417289424529,0.8328370546615123,0.30320207663459164,1,1
0.4398090424804667,0.985621101512008,0.985046696720871,0,1
0.9061068107651816,0.7984483448280576,0.26913050072280575,0,1
0.32085007406718746,0.5472828412048747,0.5607773745620122,0,0
0.505502819357067,0.6366702799163061,0.4083230226329888,0,1
0.7491741573155329,0.33354992647835535,0.33067699694635255,1,0
0.127225961891828,0.18871221002891925,0.8505208789213576,1,1
0.44628233858044153,0.2278677865528338,0.7593411000223874,0,0
0.5539811258168594,0.021156011423293486,0.31636145733671517,1,1
0.17700141112134105,0.6558728609828406,0.27503104063025285,1,1
0.06494677920994363,0.05493498919766926,0.5817272979587149,1,0
0.021723455704089623,0.8487921131360887,0.15539711925727562,1,0
0.6065663351954298,0.4446880280107457,0.4428515212319025,1,1
0.07179714236004586,0.8027522502122156,0.8930524847532526,0,0
